feature,price_range,count,mean,std,min,25%,50%,75%,max
battery_power,0,500.0,1116.902,410.80130454958305,503.0,770.5,1066.0,1431.25,1994.0
battery_power,1,500.0,1228.868,438.6145277848967,501.0,843.0,1206.0,1596.25,1996.0
battery_power,2,500.0,1228.32,452.86306485627864,501.0,816.5,1219.5,1635.75,1998.0
battery_power,3,500.0,1379.984,414.99226125049074,503.0,1034.75,1449.5,1733.5,1994.0
blue,0,500.0,0.486,0.5003045164881453,0.0,0.0,0.0,1.0,1.0
blue,1,500.0,0.49,0.5004006410899234,0.0,0.0,0.0,1.0,1.0
blue,2,500.0,0.486,0.5003045164881453,0.0,0.0,0.0,1.0,1.0
blue,3,500.0,0.518,0.5001763216160985,0.0,0.0,1.0,1.0,1.0
clock_speed,0,500.0,1.5502000000000002,0.8489413187761866,0.5,0.6,1.55,2.3,3.0
clock_speed,1,500.0,1.4886000000000001,0.81447946173441,0.5,0.6,1.5,2.2,3.0
clock_speed,2,500.0,1.5298,0.8044041845890465,0.5,0.7,1.5,2.2,3.0
clock_speed,3,500.0,1.5204000000000002,0.7964499387971726,0.5,0.7,1.5,2.2,3.0
dual_sim,0,500.0,0.5,0.5005007512521914,0.0,0.0,0.5,1.0,1.0
dual_sim,1,500.0,0.51,0.5004006410899234,0.0,0.0,1.0,1.0,1.0
dual_sim,2,500.0,0.498,0.5004967472301652,0.0,0.0,0.0,1.0,1.0
dual_sim,3,500.0,0.53,0.49959903762596813,0.0,0.0,1.0,1.0,1.0
fc,0,500.0,4.084,4.183772448856129,0.0,1.0,3.0,6.0,19.0
fc,1,500.0,4.34,4.499432161902113,0.0,1.0,3.0,7.0,18.0
fc,2,500.0,4.498,4.347389514545754,0.0,1.0,3.0,7.0,18.0
fc,3,500.0,4.316,4.332399262156417,0.0,1.0,3.0,7.0,18.0
four_g,0,500.0,0.518,0.5001763216160985,0.0,0.0,1.0,1.0,1.0
four_g,1,500.0,0.524,0.4999238418953339,0.0,0.0,1.0,1.0,1.0
four_g,2,500.0,0.494,0.5004647139007099,0.0,0.0,0.0,1.0,1.0
four_g,3,500.0,0.55,0.4979919597583559,0.0,0.0,1.0,1.0,1.0
int_memory,0,500.0,31.174,18.101022568796278,2.0,15.0,30.0,47.0,64.0
int_memory,1,500.0,32.116,18.0007387957936,2.0,16.0,32.0,47.0,64.0
int_memory,2,500.0,30.92,18.441957911871683,2.0,15.0,30.0,48.0,64.0
int_memory,3,500.0,33.976,17.930377041258318,2.0,18.0,34.5,49.0,64.0
m_dep,0,500.0,0.4902,0.2881840733285594,0.1,0.2,0.5,0.7,1.0
m_dep,1,500.0,0.524,0.2868947842580428,0.1,0.3,0.5,0.8,1.0
m_dep,2,500.0,0.49080000000000007,0.2862153007733751,0.1,0.2,0.5,0.7,1.0
m_dep,3,500.0,0.502,0.2919013751691679,0.1,0.2,0.5,0.8,1.0
mobile_wt,0,500.0,140.552,36.378318544433036,80.0,108.75,142.0,173.0,200.0
mobile_wt,1,500.0,140.51,35.678955642668456,80.0,109.0,141.0,170.0,200.0
mobile_wt,2,500.0,143.614,34.32032595339232,80.0,114.0,145.0,172.0,200.0
mobile_wt,3,500.0,136.32,34.91199356366202,80.0,104.0,134.0,165.0,200.0
n_cores,0,500.0,4.6,2.268544155437654,1.0,3.0,5.0,7.0,8.0
n_cores,1,500.0,4.298,2.3116841842118205,1.0,2.0,4.0,6.0,8.0
n_cores,2,500.0,4.682,2.2625459616230814,1.0,3.0,5.0,7.0,8.0
n_cores,3,500.0,4.502,2.2970740297596834,1.0,2.0,5.0,7.0,8.0
pc,0,500.0,9.574,6.095805253070897,0.0,4.0,9.5,15.0,20.0
pc,1,500.0,9.924,6.12480616027985,0.0,4.0,10.0,15.0,20.0
pc,2,500.0,10.018,5.952860581115301,0.0,5.0,10.0,15.0,20.0
pc,3,500.0,10.15,6.085521106221598,0.0,5.0,10.0,16.0,20.0
px_height,0,500.0,536.408,372.8241639841777,1.0,229.0,465.5,776.5,1878.0
px_height,1,500.0,666.892,441.35120948767377,0.0,327.25,606.0,944.25,1914.0
px_height,2,500.0,632.284,445.7892320624688,10.0,252.5,538.5,942.75,1960.0
px_height,3,500.0,744.848,483.72017873832516,0.0,341.75,674.0,1109.5,1949.0
px_width,0,500.0,1150.27,413.0017797057056,500.0,805.75,1132.5,1452.75,1989.0
px_width,1,500.0,1251.908,433.5643523529841,500.0,878.75,1223.0,1629.0,1998.0
px_width,2,500.0,1234.046,427.75715101502277,508.0,862.5,1221.5,1613.25,1997.0
px_width,3,500.0,1369.838,426.8235706670309,501.0,1041.5,1415.5,1746.25,1995.0
ram,0,500.0,785.314,362.7553974246579,256.0,488.75,719.5,1037.0,1974.0
ram,1,500.0,1679.49,465.85015900102746,387.0,1354.0,1686.5,2033.75,2811.0
ram,2,500.0,2582.816,496.211735367709,1185.0,2292.75,2577.0,2927.0,3916.0
ram,3,500.0,3449.232,393.01992251664547,2259.0,3207.5,3509.5,3764.75,3998.0
sc_h,0,500.0,12.324,4.206949113274769,5.0,9.0,12.0,16.0,19.0
sc_h,1,500.0,12.212,4.226912535073125,5.0,8.0,12.0,16.0,19.0
sc_h,2,500.0,12.01,4.234354675630996,5.0,8.0,12.0,16.0,19.0
sc_h,3,500.0,12.68,4.168975979955136,5.0,9.0,13.0,16.0,19.0
sc_w,0,500.0,5.682,4.17417338486242,0.0,2.0,5.0,8.25,18.0
sc_w,1,500.0,5.544,4.238867773356466,0.0,2.0,5.0,8.0,18.0
sc_w,2,500.0,5.714,4.265746967928217,0.0,2.0,5.0,8.0,17.0
sc_w,3,500.0,6.128,4.7167904579755175,0.0,2.0,5.0,10.0,18.0
talk_time,0,500.0,10.612,5.397009488860075,2.0,6.0,10.0,15.0,20.0
talk_time,1,500.0,11.362,5.570729040627284,2.0,7.0,12.0,16.0,20.0
talk_time,2,500.0,10.972,5.433070265053639,2.0,6.0,11.0,16.0,20.0
talk_time,3,500.0,11.098,5.4431288155439805,2.0,7.0,11.0,16.0,20.0
three_g,0,500.0,0.746,0.4357335509860467,0.0,0.0,1.0,1.0,1.0
three_g,1,500.0,0.756,0.42992286207489516,0.0,1.0,1.0,1.0,1.0
three_g,2,500.0,0.774,0.41865803360045106,0.0,1.0,1.0,1.0,1.0
three_g,3,500.0,0.77,0.4212539730609544,0.0,1.0,1.0,1.0,1.0
touch_screen,0,500.0,0.524,0.4999238418953339,0.0,0.0,1.0,1.0,1.0
touch_screen,1,500.0,0.522,0.5000160318071094,0.0,0.0,1.0,1.0,1.0
touch_screen,2,500.0,0.47,0.49959903762596813,0.0,0.0,0.0,1.0,1.0
touch_screen,3,500.0,0.496,0.5004847349718868,0.0,0.0,0.0,1.0,1.0
wifi,0,500.0,0.496,0.5004847349718868,0.0,0.0,0.0,1.0,1.0
wifi,1,500.0,0.504,0.5004847349718868,0.0,0.0,1.0,1.0,1.0
wifi,2,500.0,0.504,0.5004847349718868,0.0,0.0,1.0,1.0,1.0
wifi,3,500.0,0.524,0.4999238418953339,0.0,0.0,1.0,1.0,1.0
